id,speed
0,47.480614
1,47.359093
2,40.302166
3,31.110563
4,41.746464
5,27.503065000000003
6,21.037567000000003
7,49.181290000000004
8,48.142582
9,30.843046
10,30.205757000000002
11,23.050704999999997
12,23.875149
13,24.99055
14,27.817940000000004
15,41.384346
16,43.510777000000004
17,46.934082000000004
18,48.414474
19,48.39097
20,47.188297
21,45.003674
22,19.754347
23,27.770914
24,25.806445999999998
25,20.502947
26,21.507906
27,20.373629
28,16.773757999999997
29,12.886136
30,24.560732
31,46.748084999999996
32,49.176643
33,27.618765000000003
34,25.18586
35,23.703491
36,19.967955
37,20.564761999999998
38,45.454887
39,39.909664
40,44.288692
41,47.95523
42,48.82197
43,44.632748
44,19.182365
45,18.044204999999998
46,17.745392000000002
47,10.127419999999999
48,44.270515
49,47.354588
50,48.38344
51,27.517218
52,21.099505999999998
53,18.611603
54,17.734758
55,17.326963
56,16.568697
57,17.55282
58,25.792526000000002
59,35.35795
60,43.691032
61,40.839923999999996
62,41.252026
63,42.578808
64,44.471905
65,47.769676000000004
66,47.81301
67,46.006440000000005
68,42.54032
69,23.039421
70,18.720081
71,16.02819
72,15.663473999999999
73,16.315496
74,12.760342
75,8.552396
76,41.280132
77,38.2706
78,41.561687
79,46.87212
80,14.138395000000001
81,14.564772
82,18.88158
83,15.879545000000002
84,15.233092999999998
85,12.737748
86,22.174492
87,37.67895
88,45.466366
89,40.477897999999996
90,48.055122
91,47.359134999999995
92,46.850792
93,45.908497
94,25.676882
95,14.803547
96,24.63145
97,13.209607
98,9.773385000000001
99,18.983973000000002
100,39.230927
101,47.585915
102,14.990820999999999
103,17.816267
104,13.735933
105,40.862015
106,31.394846
107,48.24978
108,44.143143
109,13.362109
110,9.6218605
111,10.268677
112,20.307125
113,30.731745
114,36.49061
115,48.685992999999996
116,48.465546
117,42.829166
118,27.910864
119,23.155596
120,21.327932
121,17.498194
122,30.069229999999997
123,47.51016
124,47.456226
125,42.074795
126,42.311485
127,37.065044
128,41.409203000000005
129,34.03982
130,48.243443
131,47.35026
132,46.497223
133,27.424020000000002
134,23.015566
135,22.048379999999998
136,40.32711
137,46.4632
138,49.026104
139,47.71745
140,47.089420000000004
141,45.08699
142,28.85732
143,15.755436999999999
144,20.817976
145,18.170422
146,17.189495
147,48.264965000000004
148,48.598304999999996
149,47.60689
150,47.69851
151,16.103668
152,16.883713
153,14.709366000000001
154,9.116096
155,22.833666
156,38.072540000000004
157,43.84762
158,36.599728000000006
159,43.073665999999996
160,48.721478000000005
161,49.123591999999995
162,48.557484
163,47.93481
164,45.33161
165,27.9786
166,15.525804
167,21.120878
168,18.660482000000002
169,19.007366
170,13.108115
171,12.06369
172,44.627922
173,48.625378000000005
174,44.0181
175,25.391346
176,18.866966
177,16.902628
178,17.457167000000002
179,10.076668
180,45.920444
181,48.76294
182,49.353256
183,48.72317
184,42.121365000000004
185,19.355349
186,18.647076000000002
187,38.703144
188,30.696037
189,47.60415
190,42.97426
191,42.92903
192,39.263172
193,39.140915
194,37.717907000000004
195,36.964527000000004
196,37.841846000000004
197,42.680126
198,39.213634000000006
199,48.067192
200,46.97981
201,27.469326000000002
202,27.127836
203,18.44793
204,18.670994
205,19.051083
206,40.276752
207,41.4583
208,48.50897
209,48.814884
210,47.59779
211,46.775715000000005
212,27.422984999999997
213,14.098151999999999
214,24.479017000000002
215,23.359694
216,16.665129999999998
217,23.659845
218,45.344837
219,48.1107
220,47.1299
221,45.477543
222,28.916687
223,16.579853
224,11.778395
225,24.584162
226,47.41283
227,47.971825
228,15.517831
229,23.547771
230,20.240528
231,19.396738
232,44.389317
233,48.58718
234,46.96516
235,19.196245
236,26.626735999999998
237,20.32687
238,22.788445
239,44.48976
240,37.529354
241,39.586773
242,48.589603000000004
243,49.748055
244,48.92586
245,49.40205
246,26.146486
247,22.87955
248,20.683107
249,22.375498
250,21.594538
251,32.352917
252,41.899242
253,33.03226
254,31.671082000000002
255,47.330906
256,47.2362
257,45.82732
258,43.108596999999996
259,42.359364
260,40.302593
261,37.469704
262,39.989259999999994
263,43.358345
264,33.133804
265,41.819016
266,48.12579
267,44.939896000000005
268,18.263071
269,21.957567
270,18.45597
271,18.087692
272,19.270185
273,15.419336999999999
274,47.00573
275,47.920162
276,48.347972999999996
277,47.552326
278,28.371546000000002
279,16.031208
280,17.168633
281,22.13024
282,20.993176000000002
283,17.056515
284,14.924444
285,13.441609
286,47.435204
287,47.89529
288,12.541826
289,15.389619
290,14.803918
291,10.639553
292,10.357683999999999
293,21.510664000000002
294,45.830284000000006
295,49.385059999999996
296,48.38351
297,32.554356
298,20.16227
299,30.58635
300,24.597735999999998
301,20.009985
302,24.405691
303,42.93054
304,41.113953
305,50.04905
306,48.736484999999995
307,49.1134
308,45.77533
309,29.168115999999998
310,18.390535
311,9.341985000000001
312,40.8754
313,29.496796000000003
314,35.991337
315,49.061424
316,47.484221999999995
317,37.731083
318,29.357385999999998
319,33.482464
320,44.712315000000004
321,46.634116999999996
322,46.726555
323,45.72576
324,44.837463
325,43.283054
326,43.365140000000004
327,41.258106
328,42.398563
329,34.725273
330,34.646927000000005
331,42.606068
332,41.083059999999996
333,35.52165
334,27.866808000000002
335,37.676190000000005
336,47.75935
337,47.363274
338,14.813329000000001
339,21.149347
340,20.888365
341,22.112635
342,43.547947
343,44.250607
344,49.09352
345,48.248591999999995
346,48.148533
347,16.82566
348,37.497234000000006
349,49.801556
350,48.807484
351,48.312202
352,30.72535
353,16.994985999999997
354,24.33713
355,18.118195999999998
356,17.108908
357,22.481287
358,37.85177
359,44.845238
360,45.285328
361,49.60249
362,17.101336
363,26.214616999999997
364,19.292423
365,17.147758
366,12.376565
367,22.768154
368,42.302036
369,49.638725
370,48.711290000000005
371,47.904587
372,47.482094000000004
373,19.128248000000003
374,20.083454
375,10.429234
376,21.408234
377,35.799834999999995
378,38.787846
379,48.67139
380,29.235083000000003
381,18.991101999999998
382,18.0631
383,31.921436
384,48.461845000000004
385,47.951237
386,47.43838
387,44.968334000000006
388,41.82144
389,39.366627
390,36.259468
391,36.063340000000004
392,48.833298
393,49.18278
394,47.703590000000005
395,17.583157
396,18.486372
397,25.038292000000002
398,23.559359
399,17.109434
400,11.32484
401,36.612137
402,36.309383000000004
403,49.44283
404,47.67051
405,45.720657
406,30.756334000000003
407,17.15764
408,20.081242
409,17.658752
410,18.030607
411,9.851033000000001
412,42.632121999999995
413,35.59174
414,41.218678000000004
415,49.066006
416,48.258907
417,48.04886
418,47.576668
419,30.383309999999998
420,16.423285999999997
421,9.761533
422,42.191525
423,38.2087
424,48.77235
425,49.11541
426,49.96034
427,38.86016
428,31.346165000000003
429,40.413994
430,40.160126
431,47.544090000000004
432,47.229706
433,44.694218
434,28.841890000000003
435,32.488457000000004
436,25.743177
437,24.147083
438,48.079640000000005
439,48.4072
440,48.791016
441,42.492540000000005
442,35.2374
443,34.488503
444,31.046640000000004
445,37.218483
446,32.760740000000006
447,32.402138
448,46.60647
449,45.64249
450,44.689372999999996
451,43.622643
452,42.404236
453,43.191013
454,44.594414
455,42.70143
456,42.156357
457,44.537673999999996
458,48.273037
459,48.54776
460,38.94409
461,27.755795000000003
462,29.100506
463,27.536633000000002
464,32.898685
465,39.487125
466,47.8796
467,48.531690000000005
468,47.852238
469,49.187077
470,22.116364
471,26.89831
472,28.780128
473,25.30629
474,18.976316
475,25.134708
476,48.108955
477,48.5121
478,37.376038
479,30.317411
480,28.340092
481,24.978289
482,25.905571
483,47.91861
484,47.2518
485,46.62057
486,30.166635999999997
487,35.132328
488,30.130015999999998
489,17.865675
490,16.815754000000002
491,38.897873
492,44.343309999999995
493,48.075367
494,48.21478
495,47.20089
496,24.418736
497,31.366486
498,42.318356
499,49.240629999999996
500,49.331314
501,49.695890000000006
502,49.403458
503,48.945254999999996
504,34.077877
505,37.082226
506,28.359965999999996
507,25.862764000000002
508,27.358362
509,45.198345
510,46.80235
511,47.143936
512,46.19847
513,45.412696999999994
514,45.10415
515,42.96934
516,44.040496999999995
517,42.210297
518,47.285416
519,46.781506
520,20.461103
521,25.622784
522,20.92657
523,22.990356
524,15.814813000000001
525,47.506541999999996
526,48.149586
527,48.350643
528,47.3748
529,29.579240000000002
530,19.360521
531,24.603704
532,21.317997000000002
533,18.329258
534,14.829235999999998
535,46.97926
536,28.668696999999998
537,17.89007
538,18.57381
539,18.82714
540,14.302874
541,12.792556
542,45.662247
543,43.515903
544,48.27815
545,45.440907
546,16.49229
547,20.628021
548,21.589254
549,20.045920000000002
550,18.79545
551,39.183479999999996
552,42.83401
553,48.250927000000004
554,48.160305
555,45.626545
556,29.477108
557,17.554281
558,22.445093
559,22.577854000000002
560,18.794685
561,20.355793
562,19.034551999999998
563,18.544386
564,15.99085
565,12.3542595
566,45.486317
567,38.09287
568,41.69471
569,49.117382
570,48.507785999999996
571,32.960815000000004
572,42.173491999999996
573,46.193363
574,46.76979
575,47.42328
576,47.135544
577,43.155037
578,43.074314
579,43.60471
580,42.118507
581,38.41023
582,48.44108
583,48.668915000000005
584,15.087347
585,18.510235
586,25.782644
587,24.363782999999998
588,19.811907
589,18.566954
590,18.820427
591,18.451775
592,46.9036
593,48.193115
594,48.613945
595,47.121117
596,45.436607
597,29.718265999999996
598,26.635895
599,21.076420000000002
600,14.529971
601,47.795742
602,47.51648
603,44.807976000000004
604,15.106260999999998
605,18.954929999999997
606,38.615833
607,42.169163
608,47.772529999999996
609,48.648179999999996
610,47.501197999999995
611,46.689465000000006
612,42.4011
613,13.696804
614,17.009024
615,14.88705
616,14.830055999999999
617,16.23085
618,10.670247999999999
619,19.869446
620,40.815690000000004
621,50.51247
622,49.965942
623,49.32604
624,46.404213
625,31.09465
626,19.974867
627,17.055984
628,18.367046
629,12.20032
630,23.001368
631,50.2496
632,49.28079
633,48.016909999999996
634,43.770534999999995
635,28.823269
636,23.53386
637,48.247054999999996
638,48.44863
639,48.0809
640,42.371906
641,44.379925
642,43.664513
643,41.09
644,38.983509999999995
645,39.65144
646,38.640903
647,48.10007
648,48.189403999999996
649,47.581425
650,45.42171
651,16.81419
652,18.086706
653,11.393971
654,21.877472
655,48.146408
656,48.249664
657,47.593975
658,46.908836
659,46.38748
660,44.256609999999995
661,15.033314
662,22.654547
663,16.967768
664,17.978628
665,16.067059
666,15.753383
667,9.86768
668,42.684395
669,38.87697
670,44.188725
671,47.52523
672,43.67835
673,23.028912
674,18.094723000000002
675,36.931908
676,48.736404
677,48.340225
678,47.08504
679,14.290629000000001
680,22.124496
681,17.679377
682,17.654312
683,17.530697
684,44.117126
685,48.43658
686,47.7949
687,47.62325
688,45.116974
689,26.979443
690,14.826475
691,21.953897
692,15.740506
693,16.667901999999998
694,49.137817
695,48.79987
696,41.08613
697,27.19446
698,25.255518
699,20.760374
700,17.545214
701,19.697933
702,40.711994
703,45.733090000000004
704,47.7688
705,47.784492
706,47.275406
707,46.479088
708,43.257529999999996
709,42.199585
710,41.767338
711,41.931779999999996
712,42.188583
713,41.04417
714,38.19518
715,44.554140000000004
716,37.948357
717,46.057520000000004
718,47.570145000000004
719,28.301802000000002
720,14.148048999999999
721,10.501930999999999
722,7.878027400000001
723,41.097057
724,44.101208
725,47.231747
726,46.781647
727,27.143316
728,18.771917000000002
729,15.781754999999999
730,10.7599745
731,43.114674
732,47.75972
733,48.22033
734,43.552555
735,12.690762
736,13.756744
737,14.429885999999998
738,12.991782
739,6.739775
740,32.225193
741,40.131252
742,48.079826000000004
743,48.528706
744,48.154995
745,25.521379999999997
746,16.556189
747,19.356918
748,19.129265
749,16.582224
750,16.421167
751,15.654373999999999
752,41.827583000000004
753,48.397137
754,48.078148
755,47.189438
756,46.865215
757,14.912569
758,17.693834
759,16.330002
760,15.834795999999999
761,10.739205
762,21.514942
763,44.60564
764,33.156653999999996
765,38.980362
766,49.179375
767,48.738372999999996
768,42.120796
769,20.600676999999997
770,18.809573999999998
771,20.669472
772,32.69444
773,46.4277
774,46.856322999999996
775,46.800564
776,46.420895
777,45.73705
778,41.685990000000004
779,39.16041
780,48.10249
781,48.206672999999995
782,47.531746000000005
783,13.769793
784,15.828976999999998
785,16.435497
786,15.215545
787,15.541553500000001
788,10.561849
789,22.977783
790,47.83582
791,48.064341999999996
792,46.81389
793,47.484226
794,19.040228
795,19.385873999999998
796,14.218935
797,9.346725
798,22.315723000000002
799,47.044884
800,26.847022999999997
801,12.095917
802,15.281949
803,13.677614000000002
804,13.780478500000001
805,10.14622
806,35.328125
807,43.19948
808,48.00748
809,47.72582
810,47.609429999999996
811,47.261284
812,29.583292
813,12.439036
814,21.495829999999998
815,19.755075
816,17.962936
817,42.964024
818,34.771137
819,49.25631
820,47.924015000000004
821,33.178740000000005
822,37.070434999999996
823,28.189562
824,28.660368
825,29.724740999999998
826,49.46484
827,48.83972
828,35.77585
829,34.835888
830,36.266242999999996
831,32.820324
832,43.467926
833,36.50734
834,47.173320000000004
835,47.70176
836,44.974804
837,44.205659999999995
838,38.73359
839,37.987583
840,48.486073
841,48.51355
842,47.900455
843,37.984759999999994
844,28.043564
845,24.33624
846,34.637572999999996
847,40.219963
848,47.779037
849,48.379375
850,47.730732
851,20.879538
852,25.680906
853,28.102253
854,24.413973000000002
855,25.182009
856,22.947222
857,43.324837
858,47.396846999999994
859,48.55625
860,48.150085
861,47.793545
862,16.421898000000002
863,27.074735999999998
864,24.67794
865,20.645077
866,26.047698999999998
867,46.543007
868,42.017803
869,49.21071
870,47.609158
871,33.523926
872,28.997602
873,25.256744
874,44.820187
875,45.585434
876,48.932854
877,48.62989
878,47.567665000000005
879,19.340853
880,11.763369
881,11.717158
882,20.756708
883,45.786792999999996
884,38.29422
885,46.717438
886,47.220420000000004
887,45.884094
888,47.91799
889,47.900146
890,45.14655
891,28.412899
892,23.592417
893,24.138695000000002
894,33.803463
895,47.98104
896,44.98708
897,44.342445
898,44.374313
899,43.09093
900,46.86534
901,48.073
902,46.862907
903,28.542759999999998
904,14.97166
905,17.505219
906,23.632381
907,19.872988
908,16.772070000000003
909,12.800255
910,36.494152
911,44.764706
912,47.329407
913,47.372627
914,46.92702
915,22.559847
916,22.940820000000002
917,16.643083999999998
918,17.22629
919,13.635148000000001
920,48.00022
921,48.668884000000006
922,47.72599
923,13.776314999999999
924,24.486172
925,22.30742
926,16.211057999999998
927,16.345474
928,12.067149
929,9.878592999999999
930,22.817385
931,37.739643
932,45.431976
933,47.910183
934,13.990845000000002
935,17.443966
936,17.096296
937,16.020878
938,11.711789999999999
939,22.252138000000002
940,44.152874
941,48.718945
942,48.71456
943,47.630688
944,47.219845
945,28.203856
946,14.455964000000002
947,23.560162
948,22.665184
949,17.822052
950,39.485786
951,47.344612
952,48.885036
953,47.389694
954,39.052659999999996
955,21.182660000000002
956,24.645748
957,17.599089000000003
958,38.68241
959,34.24974
960,46.041595
961,48.063164
962,47.856438
963,46.083121999999996
964,46.003387
965,44.88955
966,43.40335
967,41.899025
968,41.970154
969,42.700577
970,38.457226
971,39.219390000000004
972,46.87724
973,14.19653
974,17.972904
975,20.99997
976,18.153503
977,17.119385
978,17.070723
979,13.370593
980,10.54824
981,21.627054
982,45.657036
983,48.675636
984,49.050090000000004
985,47.445312
986,25.560272
987,16.909399
988,15.691282000000001
989,9.722994
990,36.99139
991,45.27836
992,49.136524
993,47.96842
994,47.60783
995,47.1144
996,27.681332
997,13.424566
998,17.059476999999998
999,21.447834
1000,17.248445999999998
1001,15.82889
1002,17.097952
1003,10.671534
1004,19.797573
1005,46.069862
1006,48.250206
1007,47.2188
1008,45.759483
1009,28.483665000000002
1010,17.488424
1011,20.125051000000003
1012,13.363897
1013,12.131341
1014,43.988476
1015,48.774770000000004
1016,47.92495
1017,28.413915999999997
1018,18.96915
1019,26.697489
1020,16.744436
1021,16.96801
1022,9.77683
1023,38.514328000000006
1024,45.39779
1025,37.544567
1026,48.408077
1027,28.513687
1028,20.511446
1029,19.337275
1030,19.893831
1031,19.3783
1032,19.440014
1033,42.467166999999996
1034,39.988094
1035,45.395145
1036,46.99497
1037,47.608883
1038,43.698204
1039,40.948809999999995
1040,40.712337
1041,39.644295
1042,36.898765999999995
1043,37.730263
1044,43.495777000000004
1045,36.996258000000005
1046,36.769184
1047,47.892628
1048,47.22979
1049,47.4075
1050,28.351856
1051,22.803238
1052,15.994817999999999
1053,10.162663
1054,44.180397
1055,48.520443
1056,47.920055
1057,46.68541
1058,44.664303000000004
1059,13.517904000000001
1060,20.677870000000002
1061,17.926102
1062,10.441676
1063,34.506454
1064,44.89567
1065,40.545544
1066,49.067177
1067,48.100390000000004
1068,48.442640000000004
1069,47.49673
1070,47.06409
1071,45.082229999999996
1072,13.6823845
1073,16.039015
1074,14.061670999999999
1075,19.59994
1076,36.77749
1077,48.505109999999995
1078,45.030846000000004
1079,13.518613
1080,16.832546
1081,16.927948
1082,16.092972
1083,12.186402000000001
1084,45.150104999999996
1085,39.166462
1086,44.20135
1087,47.288784
1088,17.869426999999998
1089,11.402198
1090,37.185497
1091,39.368973
1092,48.668556
1093,48.141529999999996
1094,46.569084000000004
1095,40.984394
1096,26.260091999999997
1097,23.985863000000002
1098,16.549204
1099,17.38535
1100,17.301413
1101,30.593912
1102,41.044884
1103,38.71561
1104,34.32592
1105,35.364178
1106,47.704370000000004
1107,47.28611
1108,43.725853
1109,41.06817
1110,42.42621
1111,40.567707
1112,38.004677
1113,44.75443
1114,44.316615999999996
1115,48.137318
1116,47.720165
1117,47.074608000000005
1118,25.860325
1119,24.313614
1120,35.568424
1121,39.75554
1122,43.567608
1123,48.48957
1124,45.79534
1125,29.363718
1126,29.010546
1127,28.727247
1128,33.192875
1129,38.375640000000004
1130,44.509365
1131,47.83505
1132,46.969536
1133,45.621033000000004
1134,29.442659999999997
1135,17.609604
1136,20.838778
1137,19.804869
1138,19.399866
1139,13.443263
1140,45.2299
1141,41.673145
1142,47.77107
1143,48.742484999999995
1144,47.36833
1145,27.56875
1146,19.712635000000002
1147,20.221532999999997
1148,46.10269
1149,44.034763
1150,14.694667
1151,25.377995000000002
1152,24.632944000000002
1153,19.250113
1154,19.891317
1155,14.061907999999999
1156,11.052482000000001
1157,21.261847
1158,39.147853999999995
1159,36.808567
1160,47.964591999999996
1161,47.540257000000004
1162,48.43067
1163,47.658623
1164,27.632814
1165,20.642511
1166,21.392666000000002
1167,18.104969
1168,44.935466999999996
1169,46.9488
1170,45.64498
1171,41.86697
1172,37.788579999999996
1173,36.746097999999996
1174,45.956084999999995
1175,47.613945
1176,47.25945
1177,28.697498
1178,14.466735
1179,17.900385
1180,19.02444
1181,21.148629999999997
1182,12.78491
1183,46.443059999999996
1184,44.49948
1185,46.51965
1186,45.98932
1187,45.462616
1188,23.094148999999998
1189,16.09845
1190,14.984901999999998
1191,17.098845999999998
1192,38.134823
1193,45.71009
1194,47.626197999999995
1195,46.946822999999995
1196,46.20482
1197,43.475006
1198,24.137234
1199,42.46235
1200,48.099537
1201,47.45563
1202,42.14456
1203,13.723385999999998
1204,18.338356
1205,15.041552
1206,15.661047
1207,8.495830999999999
1208,19.013560000000002
1209,35.535664000000004
1210,46.89395
1211,45.00513
1212,20.13055
1213,20.577768
1214,20.226383
1215,16.746563000000002
1216,47.298885
1217,48.457275
1218,47.578920000000004
1219,41.353767
1220,24.372198
1221,19.856775
1222,16.131573
1223,19.084362
1224,17.213478
1225,16.500462
1226,17.874360999999997
1227,40.651913
1228,33.9156
1229,34.50877
1230,47.454617
1231,47.459564
1232,39.98639
1233,40.042946
1234,38.974934000000005
1235,48.136078000000005
1236,14.866465
1237,21.098326
1238,17.929829
1239,12.946603999999999
1240,23.336508
1241,44.95425
1242,40.441803
1243,44.07712
1244,48.873329999999996
1245,47.490840000000006
1246,16.942339
1247,24.854754999999997
1248,24.201204
1249,13.036658000000001
1250,45.381046000000005
1251,49.087387
1252,47.899807
1253,47.57983
1254,22.875576000000002
1255,16.196924
1256,17.624987
1257,40.23949
1258,47.73089
1259,47.180015999999995
1260,46.845814000000004
1261,45.298077
1262,27.88523
1263,22.171229999999998
1264,16.82091
1265,18.373894
1266,17.16292
1267,17.50606
1268,21.634245
1269,48.245709999999995
1270,48.28737
1271,48.318382
1272,45.45477
1273,14.127645499999998
1274,16.50052
1275,17.894428
1276,17.497837
1277,13.253629
1278,20.694813
1279,36.918755
1280,44.452892
1281,36.406665999999994
1282,46.902096
1283,47.85187
1284,47.40242
1285,26.041534
1286,27.545590999999998
1287,21.951532
1288,21.00452
1289,18.213362
1290,33.77701
1291,48.2516
1292,47.77748
1293,43.992153
1294,42.850994
1295,41.486942
1296,41.711304
1297,36.816359999999996
1298,44.2084
1299,46.70212
1300,46.4328
1301,44.428996999999995
1302,23.356441
1303,14.403579999999998
1304,24.227987
1305,48.190655
1306,48.46248
1307,48.120329999999996
1308,47.781586
1309,39.126194
1310,29.117078999999997
1311,33.592259999999996
1312,23.674139
1313,24.474775
1314,18.443462
1315,31.64162
1316,39.237133
1317,40.053276000000004
1318,43.5564
1319,47.075404999999996
1320,47.094177
1321,44.821053000000006
1322,15.648579999999999
1323,17.354332
1324,19.397331
1325,24.031633
1326,48.29076
1327,23.1411
1328,19.575565
1329,17.086039000000003
1330,18.424349
1331,12.061022999999999
1332,23.841095000000003
1333,40.180893
1334,39.11715
1335,48.16367
1336,46.909092
1337,45.783848
1338,17.329948
1339,18.8008
1340,19.195456
1341,18.732275
1342,49.30182
1343,48.800724
1344,42.89347
1345,28.338210999999998
1346,25.458945999999997
1347,20.461084
1348,20.666655
1349,42.251391999999996
1350,40.597874
1351,40.226242
1352,39.74116
1353,38.49111
1354,41.318256
1355,36.623173
1356,44.464226000000004
1357,39.054398
1358,47.179109999999994
1359,29.06509
1360,26.562673999999998
1361,26.059720000000002
1362,18.976828
1363,16.574112
1364,18.38885
1365,14.725831
1366,12.50739
1367,41.002487
1368,47.314440000000005
1369,27.578907
1370,25.4327
1371,16.498016
1372,10.648726
1373,38.4418
1374,47.013325
1375,47.831326000000004
1376,47.884365
1377,27.622891999999997
1378,18.2744
1379,41.814205
1380,43.315796
1381,47.154816
1382,18.680899
1383,10.197194999999999
1384,38.801140000000004
1385,42.731235999999996
1386,40.93098
1387,48.291893
1388,48.49585
1389,45.671234000000005
1390,13.444547
1391,14.534753
1392,19.690464000000002
1393,16.61055
1394,16.893257000000002
1395,11.665321
1396,41.11942
1397,48.582454999999996
1398,48.289516
1399,48.51427
1400,24.989145
1401,25.349961999999998
1402,47.017241999999996
1403,46.557021999999996
1404,45.756423999999996
1405,44.171574
1406,43.094757
1407,42.69229
1408,45.605145
1409,43.71512
1410,45.436479999999996
1411,45.340263
1412,47.213615000000004
1413,47.371173999999996
1414,11.890723
1415,26.204193
1416,38.975266
1417,46.407497
1418,45.9301
1419,45.458572
1420,14.935129000000002
1421,19.375994
1422,18.363879999999998
1423,15.640913000000001
1424,15.968639000000001
1425,12.464955
1426,11.43163
1427,23.915129
1428,40.512444
1429,46.634045
1430,47.138325
1431,46.130714000000005
1432,44.794487
1433,42.333168
1434,19.177248000000002
1435,17.845482
1436,18.316206
1437,17.190711999999998
1438,14.515144
1439,21.395931
1440,35.944317
1441,41.84046
1442,47.087720000000004
1443,46.117306
1444,43.276790000000005
1445,24.736963
1446,18.989891
1447,42.039944
1448,45.857548
1449,44.245777000000004
1450,26.389338000000002
1451,12.365358
1452,15.68702
1453,15.798406
1454,10.971573
1455,36.214165
1456,38.420998
1457,48.138752000000004
1458,47.6364
1459,46.091705
1460,21.198970000000003
1461,17.57164
1462,20.55165
1463,39.054066
1464,44.901577
1465,46.953753999999996
1466,46.85308
1467,45.477467
1468,42.904877
1469,41.729766999999995
1470,43.13428
1471,42.87863
1472,46.61318
1473,46.126984
1474,13.988004
1475,14.919847500000001
1476,18.613813
1477,11.373842999999999
1478,38.430275
1479,40.285683
1480,47.457840000000004
1481,47.100662
1482,46.539017
1483,26.748531
1484,22.21865
1485,21.517338
1486,19.565046
1487,15.764807999999999
1488,10.599936
1489,11.311959
1490,21.949278
1491,36.53187
1492,45.687637
1493,45.008877000000005
1494,44.188404
1495,41.474315999999995
1496,21.472717000000003
1497,18.903074
1498,16.403679
1499,12.047969
1500,22.837598999999997
1501,35.491383
1502,44.408173
1503,47.630829999999996
1504,46.373276000000004
1505,44.805626000000004
1506,14.727929999999999
1507,18.960014
1508,21.529958999999998
1509,19.395061
1510,18.499533
1511,14.309867
1512,12.842277000000001
1513,38.270203
1514,43.819559999999996
1515,38.447926
1516,44.915054
1517,20.723005
1518,8.4993
1519,35.262245
1520,36.338757
1521,47.893322
1522,46.918696999999995
1523,23.647385
1524,20.984057999999997
1525,21.734966
1526,21.990656
1527,17.88707
1528,38.768074
1529,33.51439
1530,44.835384000000005
1531,47.112697999999995
1532,40.289783
1533,39.93298
1534,45.025356
1535,43.26795
1536,37.822483
1537,48.47444
1538,47.787704
1539,48.003754
1540,47.3033
1541,45.212276
1542,30.844679
1543,28.57658
1544,30.112602000000003
1545,29.09378
1546,28.305569000000002
1547,39.093803
1548,47.512417
1549,48.432858
1550,47.401028000000004
1551,44.385216
1552,25.874845999999998
1553,18.428818
1554,19.946820000000002
1555,17.208225
1556,12.043019000000001
1557,26.026695
1558,38.212425
1559,47.15477
1560,48.518986
1561,47.258934
1562,46.785297
1563,13.355404
1564,17.580883
1565,11.890333
1566,11.399650999999999
1567,23.976301
1568,43.5557
1569,47.793873
1570,20.443262
1571,19.786652
1572,17.956385
1573,18.219975
1574,11.958236999999999
1575,23.689228
1576,40.88568
1577,42.14048
1578,47.495968
1579,47.519222
1580,46.30686
1581,44.520540000000004
1582,25.501360000000002
1583,16.204689000000002
1584,12.303828
1585,10.307333999999999
1586,34.65309
1587,41.76323
1588,31.712524
1589,35.803265
1590,45.8829
1591,47.127026
1592,46.647907000000004
1593,40.696053000000006
1594,25.435045000000002
1595,19.26526
1596,14.5476675
1597,29.987848
1598,40.635162
1599,33.640390000000004
1600,45.759933000000004
1601,46.089465999999994
1602,44.7618
1603,44.199894
1604,37.06695
1605,36.218196999999996
1606,36.986637
1607,36.438217
1608,33.133995
1609,46.539474
1610,46.815044
1611,46.715509999999995
1612,44.787254
1613,16.494114
1614,18.294764
1615,18.817572
1616,17.537119
1617,34.689663
1618,40.379658
1619,46.982240000000004
1620,47.404137
1621,46.680294
1622,47.055298
1623,45.385582
1624,43.47136
1625,24.605473999999997
1626,16.52415
1627,24.969322000000002
1628,23.951
1629,17.681677
1630,11.461043
1631,46.652695
1632,47.403183
1633,46.726585
1634,47.16383
1635,45.800278000000006
1636,43.809032
1637,14.145854
1638,22.704624
1639,21.58426
1640,16.857779999999998
1641,10.078635
1642,23.730387
1643,37.783153999999996
1644,40.804836
1645,47.17711
1646,47.561775
1647,46.41836
1648,18.061285
1649,16.40279
1650,18.327473
1651,17.930073
1652,10.606044
1653,23.527252
1654,38.645443
1655,37.33195
1656,46.963135
1657,44.65095
1658,14.643517999999998
1659,21.050175
1660,19.528246
1661,16.599583
1662,18.333015
1663,18.427965
1664,16.444775
1665,35.8729
1666,45.247314
1667,39.086452
1668,23.681019
1669,24.102352
1670,26.140656
1671,13.972903
1672,39.171795
1673,34.538470000000004
1674,34.495686
1675,45.159126
1676,46.862246999999996
1677,46.371998
1678,34.604206
1679,43.704229999999995
1680,45.01834
1681,47.49411
1682,48.26943
1683,47.52749
1684,38.112003
1685,29.325922
1686,32.76832
1687,28.878555
1688,30.239447
1689,29.464503999999998
1690,24.310724
1691,30.722881
1692,45.355988
1693,41.937893
1694,47.151375
1695,46.862175
1696,44.45771
1697,12.155750999999999
1698,21.184916
1699,19.803545
1700,44.310795
1701,45.693934999999996
1702,27.318733
1703,12.760817999999999
1704,14.2134075
1705,18.940775
1706,19.072906
1707,12.335995
1708,24.405935
1709,40.860886
1710,43.93172
1711,48.97165
1712,48.11354
1713,44.857535999999996
1714,19.148273
1715,20.448511
1716,18.566172
1717,16.163258
1718,44.396637
1719,43.02879
1720,47.461113
1721,46.575214
1722,44.224113
1723,27.197908
1724,15.4769945
1725,16.840576000000002
1726,40.067707
1727,44.264587
1728,47.674046000000004
1729,39.547756
1730,15.872187
1731,14.359872
1732,43.595043
1733,47.53229
1734,47.354343
1735,46.393679999999996
1736,42.874072999999996
1737,40.581177000000004
1738,39.29313
1739,42.495365
1740,44.04714
1741,43.687767
1742,36.110504
1743,42.28434
1744,34.784683
1745,43.341716999999996
1746,12.487772
1747,17.41055
1748,24.75317
1749,37.401688
1750,38.479774
1751,47.785816
1752,48.314877
1753,16.385536
1754,22.796415
1755,20.712564
1756,20.089679999999998
1757,39.85814
1758,47.808945
1759,47.364909999999995
1760,47.865883000000004
1761,47.206264000000004
1762,44.871826
1763,15.697873999999999
1764,16.974325
1765,18.912794
1766,24.590492
1767,49.346478000000005
1768,48.128902000000004
1769,47.60354
1770,24.969107
1771,20.816482999999998
1772,17.761229
1773,47.138584
1774,46.193462
1775,46.744125
1776,45.737064000000004
1777,44.95465
1778,11.003936
1779,16.384601999999997
1780,17.270298
1781,17.023663
1782,22.623074
1783,36.926132
1784,42.184090000000005
1785,45.237109999999994
1786,38.619279999999996
1787,28.59365
1788,22.468004
1789,21.547777
1790,23.720276000000002
1791,29.812070000000002
1792,28.197096000000002
1793,22.787535000000002
1794,40.664609999999996
1795,39.497223
1796,36.523773
1797,45.102055
1798,45.677616
1799,45.364273
1800,43.455425
1801,41.552288
1802,45.456768
1803,37.501415
1804,42.421124
1805,42.289803000000006
1806,35.147617
1807,40.164707
1808,40.594592999999996
1809,45.69458
1810,45.93728
1811,44.851215
1812,44.846385999999995
1813,42.99033
1814,14.418270999999999
1815,21.039288
1816,22.043283
1817,20.271193
1818,26.020882
1819,39.85288
1820,41.86967
1821,47.552494
1822,47.22583
1823,15.097992000000001
1824,17.145737
1825,23.8932
1826,20.262037
1827,21.631584
1828,24.31
1829,44.573772
1830,38.986134
1831,47.984066
1832,46.077175
1833,43.493076
1834,31.642462
1835,15.172870000000001
1836,21.921210000000002
1837,20.091166
1838,16.235085
1839,16.636827
1840,19.606197
1841,36.077329999999996
1842,38.265415000000004
1843,44.562664
1844,17.371570000000002
1845,17.392242
1846,19.094236
1847,11.378642
1848,38.60568
1849,47.535393
1850,47.104664
1851,44.88629
1852,22.599356
1853,21.902393
1854,20.231973999999997
1855,20.45743
1856,19.889793
1857,35.778175
1858,31.633484000000003
1859,48.702377
1860,47.533287
1861,27.533594
1862,31.060678000000003
1863,23.307613
1864,24.723225
1865,47.11697
1866,47.451553000000004
1867,45.852318
1868,42.978218
1869,43.154315999999994
1870,39.111477
1871,37.98899
1872,44.99869
1873,35.848167
1874,47.941074
1875,47.414547
1876,46.993454
1877,44.104607
1878,22.709269
1879,21.946903
1880,12.829482
1881,48.55953
1882,49.363964
1883,48.264140000000005
1884,48.174164000000005
1885,19.889664
1886,26.116156
1887,21.58386
1888,20.50599
1889,21.94728
1890,48.11871
1891,18.771501999999998
1892,27.003424
1893,26.201629999999998
1894,20.679539000000002
1895,12.598025999999999
1896,47.085705
1897,48.057724
1898,19.178933999999998
1899,19.536120999999998
1900,11.987009
1901,24.593767
1902,39.251484000000005
1903,48.90769
1904,45.732605
1905,15.639598000000001
1906,18.157991
1907,19.591787
1908,19.821814
1909,16.297974
1910,23.819221
1911,48.261383
1912,47.659542
1913,26.652864
1914,23.478733
1915,24.782782
1916,18.862005
1917,17.956339
1918,31.156646999999996
1919,42.597120000000004
1920,39.798396999999994
1921,47.559490000000004
1922,41.547607
1923,39.46309
1924,38.875668
1925,38.087646
1926,42.539116
1927,42.221348
1928,42.604813
1929,46.281837
1930,32.51531
1931,14.830519
1932,19.922203
1933,19.633148000000002
1934,19.864206
1935,19.6042
1936,45.091427
1937,40.88908
1938,43.468067
1939,47.564064
1940,47.02454
1941,45.303513
1942,33.987804
1943,14.914252
1944,27.153234
1945,24.611183
1946,16.41226
1947,24.424429999999997
1948,41.650566
1949,41.072613
1950,48.611958
1951,46.459903999999995
1952,45.063590000000005
1953,32.986748
1954,15.688122
1955,17.46396
1956,19.783516
1957,15.874595000000001
1958,11.593657499999999
1959,39.857155
1960,47.125217
1961,48.161663
1962,46.925926000000004
1963,47.356964000000005
1964,44.025597
1965,19.97355
1966,19.658644
1967,43.342667
1968,42.0289
1969,48.428000000000004
1970,45.110695
1971,13.855405
1972,15.522387
1973,17.754753
1974,16.201207999999998
1975,11.473227
1976,22.960598
1977,38.814403999999996
1978,47.62043
1979,47.436203000000006
1980,48.263000000000005
1981,46.398434
1982,41.889545
1983,27.00011
1984,28.574911
1985,23.427765
1986,21.474941
1987,22.015545
1988,36.91355
1989,43.844982
1990,46.380764
1991,46.775784
1992,46.475983
1993,40.208290000000005
1994,36.7139
1995,35.914146
1996,33.590588000000004
1997,33.85037
1998,47.66816
1999,34.023262
2000,17.200751999999998
2001,18.90768
2002,18.26284
2003,18.000277
2004,26.150515
2005,43.499012
2006,42.400394
2007,47.733093
2008,14.43356
2009,17.0611
2010,23.552103
2011,18.586662
2012,12.70347
2013,15.900251
2014,20.066270000000003
2015,18.1538
2016,18.14317
2017,15.853497500000001
2018,33.370277
2019,36.744842999999996
2020,40.716187
2021,47.655753999999995
2022,47.753033
2023,47.352592
2024,19.534660000000002
2025,19.356815
2026,21.629479999999997
2027,22.26632
2028,16.795456
2029,44.65215
2030,38.72319
2031,43.070366
2032,47.47513
2033,46.191864
2034,15.780126999999998
2035,15.107882
2036,15.059733999999999
2037,16.33276
2038,9.462981
2039,45.321003000000005
2040,44.786633
2041,45.845985
2042,27.610495
2043,29.015524
2044,22.232222
2045,22.195432999999998
2046,43.174152
2047,41.652218
2048,39.252629999999996
2049,41.5778
2050,37.00159
2051,43.463707
2052,37.85331
2053,46.845753
2054,47.27129
2055,44.997203999999996
2056,19.441128
2057,24.278265
2058,24.786317999999998
2059,21.125920999999998
2060,22.39476
2061,19.987543
2062,16.12305
2063,45.533936
2064,46.17297
2065,45.234790000000004
2066,17.98619
2067,23.962389
2068,20.093452
2069,21.821594
2070,14.275867000000002
2071,37.510040000000004
2072,41.06171
2073,43.327694
2074,47.17561
2075,30.114497999999998
2076,13.693594000000001
2077,19.42905
2078,17.85699
2079,19.154394
2080,21.248085
2081,36.177242
2082,46.83449
2083,46.05587
2084,44.61638
2085,13.671913
2086,21.440374
2087,17.517702
2088,18.359634
2089,40.237076
2090,40.70599
2091,47.099224
2092,46.660698
2093,47.27408
2094,44.759921999999996
2095,15.291326999999999
2096,19.630594
2097,14.485971
2098,17.807522
2099,16.8863
2100,12.502350999999999
2101,39.336906
2102,46.64327
2103,48.293217
2104,47.276424
2105,46.5835
2106,26.825284999999997
2107,23.807102
2108,20.496471
2109,20.48477
2110,17.629082
2111,19.964844
2112,19.980848
2113,32.98465
2114,45.481487
2115,47.266597999999995
2116,46.733753
2117,42.44024
2118,42.95832
2119,38.97432
2120,38.877014
2121,38.332077000000005
2122,41.442190000000004
2123,42.461665999999994
2124,36.279675
2125,35.206196000000006
2126,47.290046999999994
2127,47.683197
2128,46.72813
2129,45.843990000000005
2130,43.613407
2131,16.473755
2132,18.720879999999998
2133,19.031204000000002
2134,16.679968
2135,17.70107
2136,17.109402
2137,10.020104
2138,47.422703000000006
2139,48.02527
2140,16.90904
2141,19.819129999999998
2142,40.422478000000005
2143,49.056736
2144,48.026443
2145,44.43166
2146,13.892635999999998
2147,19.263975
2148,15.385094
2149,16.667826
2150,21.346169
2151,37.51444
2152,41.38405
2153,48.035773999999996
2154,47.185615999999996
2155,46.262127
2156,13.186411999999999
2157,14.976138
2158,16.932524
2159,17.025106
2160,15.475722
2161,9.954833
2162,32.229294
2163,38.623985
2164,47.985690000000005
2165,31.991749
2166,15.776214000000001
2167,18.718534
2168,23.520977
2169,22.928003
2170,19.931261
2171,19.270447
2172,15.8497505
2173,11.137881
2174,43.536102
2175,35.772312
2176,37.75677
2177,47.325375
2178,48.381138
2179,48.780838
2180,20.708378
2181,18.645079
2182,21.088535
2183,22.663334
2184,21.431494
2185,32.759483
2186,39.173973
2187,35.773106
2188,46.969640000000005
2189,46.9806
2190,47.545322
2191,46.788906
2192,46.331990000000005
2193,45.71277
2194,40.927933
2195,41.591545
2196,39.14931
2197,38.877937
2198,34.87172
2199,33.049107
2200,31.559061
2201,37.06463
2202,47.260436999999996
2203,47.202663
2204,46.45215
2205,14.244626
2206,20.209694
2207,11.215992
2208,39.236298
2209,43.044357
2210,45.061015999999995
2211,42.833332
2212,26.555760999999997
2213,19.772497
2214,20.177994
2215,16.290436
2216,9.710229
2217,20.275349
2218,40.88238
2219,45.89524
2220,46.495636
2221,46.131004
2222,45.277233
2223,43.487625
2224,12.908425
2225,15.413475
2226,15.546626000000002
2227,16.842638
2228,9.640637
2229,10.433342
2230,21.23098
2231,43.406535999999996
2232,47.782135
2233,48.2991
2234,48.000267
2235,46.948
2236,43.414406
2237,17.42687
2238,20.85356
2239,28.401945
2240,17.557957000000002
2241,22.455956
2242,36.73345
2243,47.903244
2244,48.508495
2245,47.354946000000005
2246,47.67862
2247,47.090946
2248,44.509167
2249,28.17585
2250,12.463067
2251,21.81035
2252,20.904516
2253,15.029942499999999
2254,15.086915
2255,12.012555
2256,6.866907
2257,15.096767000000002
2258,32.48483
2259,35.598618
2260,46.87529
2261,47.551086
2262,46.464787
2263,26.279049
2264,18.7306
2265,17.653204000000002
2266,37.217636
2267,46.87447
2268,45.68477
2269,42.00525
2270,43.61303
2271,42.810970000000005
2272,41.073227
2273,41.273967999999996
2274,44.064316
2275,38.46054
2276,38.131240000000005
2277,36.92136
2278,47.780434
2279,47.57302
2280,48.149208
2281,47.291733
2282,25.770296
2283,25.253925
2284,21.574429000000002
2285,20.247135
2286,21.084173
2287,21.003416
2288,11.632075
2289,41.541115000000005
2290,46.887405
2291,26.692286
2292,14.296215
2293,16.902379999999997
2294,20.979324
2295,19.395903
2296,18.945248
2297,42.77194
2298,39.518448
2299,48.522133000000004
2300,47.339172
2301,19.91512
2302,18.702579999999998
2303,16.417965
2304,17.471033
2305,10.432616000000001
2306,7.959619
2307,37.025585
2308,41.008007
2309,48.571877
2310,47.51917
2311,48.194576
2312,47.399265
2313,44.98961
2314,25.610771
2315,48.425713
2316,48.538109999999996
2317,47.225773
2318,25.251896
2319,13.893429000000001
2320,18.940596
2321,19.466010999999998
2322,15.621946
2323,8.97022
2324,18.584549
2325,35.98205
2326,47.012764000000004
2327,47.684643
2328,47.31824
2329,46.87466
2330,46.230827000000005
2331,41.073
2332,26.56045
2333,22.400776
2334,16.419392000000002
2335,20.278267
2336,13.747556
2337,38.728775
2338,33.25878
2339,37.10328
2340,47.090164
2341,41.253845
2342,40.012962
2343,40.818047
2344,40.041306
2345,42.98032
2346,47.402245
2347,47.847744
2348,14.634129999999999
2349,25.085825
2350,22.075836
2351,17.675697
2352,22.323229
2353,40.705708
2354,47.84384
2355,48.215736
2356,46.99426
2357,44.287693
2358,14.5472
2359,20.645533
2360,17.626542999999998
2361,16.79816
2362,17.98743
2363,11.049563000000001
2364,9.985074000000001
2365,37.52622
2366,47.354335999999996
2367,47.4767
2368,47.007175
2369,44.727413
2370,23.744839000000002
2371,16.210257000000002
2372,34.44327
2373,43.723263
2374,47.385036
2375,46.916709999999995
2376,12.265319
2377,19.059502
2378,17.261105999999998
2379,16.10489
2380,7.404198599999999
2381,34.03412
2382,38.645714
2383,48.330040000000004
2384,47.420513
2385,44.726055
2386,12.589171
2387,20.149025
2388,17.42067
2389,33.49643
2390,46.78679
2391,47.881775
2392,48.47338
2393,25.951252
2394,23.717607
2395,21.536572
2396,23.23653
2397,20.509712
2398,49.379326
2399,47.578724
2400,47.168133000000005
2401,21.500857999999997
2402,23.977495
2403,21.711071
2404,21.058346
2405,33.47081
2406,41.814372999999996
2407,46.974990000000005
2408,39.186465999999996
2409,48.633133
2410,47.598537
2411,28.261429999999997
2412,24.57754
2413,30.792765000000003
2414,24.411642
2415,26.087772
2416,14.879242000000001
2417,40.773914000000005
2418,47.809146999999996
2419,46.508644
2420,22.67162
2421,19.488955999999998
2422,47.526509999999995
2423,46.26018
2424,12.156713
2425,13.949166
2426,16.378436999999998
2427,17.627466000000002
2428,13.989056
2429,15.321517000000002
2430,6.546039599999999
2431,5.710408
2432,36.547913
2433,47.702267
2434,46.7525
2435,23.619320000000002
2436,15.326858499999998
2437,21.609318
2438,21.536451
2439,17.07414
2440,15.460220000000001
2441,41.535484000000004
2442,47.795821999999994
2443,47.73165
2444,46.860170000000004
2445,44.872288
2446,13.19012
2447,19.458527
2448,19.798111
2449,14.355094
2450,11.85004
2451,15.409649
2452,48.92843
2453,41.433277000000004
2454,23.450557999999997
2455,27.931068
2456,15.197182999999999
2457,35.84065
2458,27.909871999999996
2459,47.04014
2460,45.992687
2461,38.832436
2462,40.724358
2463,40.210625
2464,36.062134
2465,34.537746000000006
2466,42.587395
2467,40.313988
2468,41.46239
2469,47.266663
2470,48.04753
2471,47.03632
2472,46.304016
2473,23.535322
2474,16.380917
2475,19.71581
2476,24.615526000000003
2477,21.801308
2478,21.30375
2479,11.193833
2480,13.841807000000001
2481,45.032394000000004
2482,42.40915
2483,46.31791
2484,46.897717
2485,46.750374
2486,46.422066
2487,26.930433
2488,32.52355
2489,34.21723
2490,30.416021
2491,29.8663
2492,31.282845000000002
2493,23.949907
2494,44.12045
2495,38.5832
2496,48.09326
2497,47.08007
2498,47.664253
2499,46.438503000000004
2500,44.374485
2501,20.901003
2502,16.193722
2503,16.770236999999998
2504,9.138277
2505,20.614428
2506,44.862606
2507,49.428307000000004
2508,48.89227
2509,47.990417
2510,46.07472
2511,13.96575
2512,25.153554999999997
2513,19.517813
2514,18.232457999999998
2515,18.386278
2516,16.916687
2517,35.40753
2518,33.883614
2519,16.701887
2520,23.04345
2521,18.761770000000002
2522,19.471527
2523,11.36196
2524,10.15661
2525,19.890376999999997
2526,35.298122
2527,43.87281
2528,47.81068
2529,48.525425
2530,48.709152
2531,27.140048999999998
2532,26.861659999999997
2533,19.010507999999998
2534,22.6191
2535,35.016777000000005
2536,42.740555
2537,44.482212
2538,44.947594
2539,41.64434
2540,39.119453
2541,37.340164
2542,41.523445
2543,42.307285
2544,46.702442
2545,47.690628000000004
2546,48.137314
2547,46.851513
2548,38.97353
2549,31.177722999999997
2550,30.24615
2551,27.947708000000002
2552,21.965834
2553,33.25776
2554,42.832609999999995
2555,44.4629
2556,48.56817
2557,49.16539
2558,47.750225
2559,48.052834000000004
2560,46.094654
2561,26.50027
2562,14.050862
2563,16.446222
2564,25.824179
2565,18.781368
2566,16.519901
2567,40.024498
2568,47.532759999999996
2569,45.43357
2570,14.414445
2571,23.418507
2572,19.773457
2573,15.237866
2574,10.690047
2575,47.938666999999995
2576,25.140894
2577,12.597711
2578,9.357498
2579,43.292429999999996
2580,42.38581
2581,47.689409999999995
2582,47.10017
2583,47.80894
2584,47.463035999999995
2585,45.771713
2586,15.026064000000002
2587,21.86188
2588,20.15089
2589,20.962892999999998
2590,18.361156
2591,34.371243
2592,32.427902
2593,43.333923
2594,46.364506
2595,45.784015999999994
2596,20.577196
2597,20.06482
2598,22.06735
2599,20.795763
2600,18.798847
2601,16.480247
2602,19.35914
2603,39.185990000000004
2604,47.392834
2605,46.981396000000004
2606,46.1925
2607,41.644447
2608,38.532013
2609,41.240524
2610,42.408108
2611,40.365604
2612,36.116620000000005
2613,41.06973
2614,35.475876
2615,43.268562
2616,47.678546999999995
2617,45.163918
2618,25.920315
2619,15.315495
2620,17.890532
2621,25.817204999999998
2622,23.583529000000002
2623,20.151953
2624,21.468564999999998
2625,20.386015
2626,39.392345
2627,48.252537
2628,48.4383
2629,47.249714000000004
2630,25.505285
2631,22.475857
2632,19.106504
2633,20.214928
2634,19.167676999999998
2635,38.146828
2636,44.916492
2637,40.61227
2638,45.34574
2639,46.82914
2640,47.437458
2641,46.207283000000004
2642,19.988152
2643,15.063572
2644,15.223327
2645,14.140684
2646,15.352222
2647,14.002460000000001
2648,7.919422
2649,44.408077
2650,47.772583000000004
2651,47.77852
2652,48.334106
2653,47.912918
2654,24.854006
2655,17.594143
2656,18.981342
2657,16.310223
2658,21.472204
2659,44.283287
2660,36.73554
2661,47.812115000000006
2662,48.8549
2663,47.727383
2664,47.21867
2665,24.728163000000002
2666,13.9428
2667,20.006868
2668,17.674198
2669,18.412323
2670,19.290546
2671,44.816241999999995
2672,34.878307
2673,21.980042
2674,19.211223999999998
2675,17.745268
2676,32.16583
2677,35.063244
2678,36.177357
2679,46.8953
2680,46.314679999999996
2681,45.485355
2682,43.102965999999995
2683,40.049915000000006
2684,42.618008
2685,40.86758
2686,47.195812
2687,46.92355
2688,46.456738
2689,44.285507
2690,21.992891
2691,15.399956
2692,20.752657
2693,12.509163000000001
2694,38.406624
2695,44.01964
2696,42.09234
2697,47.20456
2698,47.329853
2699,45.806274
2700,12.092645
2701,14.819326
2702,13.810406
2703,13.970904999999998
2704,37.735172
2705,40.79067
2706,49.016247
2707,45.696995
2708,32.797226
2709,35.593548
2710,27.725046000000003
2711,27.96926
2712,28.231112
2713,28.581831
2714,21.996172
2715,45.1118
2716,46.730183000000004
2717,46.27368
2718,21.999695000000003
2719,16.10851
2720,23.454042
2721,18.923372
2722,19.594835
2723,17.121077
2724,12.52332
2725,20.098886
2726,37.05093
2727,48.186867
2728,47.864357
2729,45.879574
2730,21.765598
2731,16.673820000000003
2732,11.481251
2733,21.049871
2734,38.213318
2735,47.62916
2736,49.332573
2737,48.868004
2738,49.311596
2739,48.289257
2740,42.496246
2741,28.054073
2742,21.709217000000002
2743,18.424204
2744,20.538956
2745,19.763754000000002
2746,19.255806
2747,37.68298
2748,48.275486
2749,47.935615999999996
2750,46.874171999999994
2751,44.05925
2752,42.771572
2753,38.943123
2754,41.391853000000005
2755,37.601986
2756,36.015568
2757,48.46837
2758,47.7431
2759,47.636165999999996
2760,22.940878
2761,19.087914
2762,17.536291000000002
2763,12.876732
2764,21.929502
2765,39.969334
2766,43.52988
2767,47.983470000000004
2768,48.565746000000004
2769,47.67595
2770,45.225056
2771,13.151578
2772,21.446487
2773,21.410557
2774,16.414376999999998
2775,20.300396
2776,36.220848
2777,43.468964
2778,43.04179
2779,48.040465999999995
2780,47.755695
2781,48.077396
2782,47.204536
2783,44.889088
2784,24.34842
2785,13.221306
2786,19.341835
2787,17.64203
2788,13.452092000000002
2789,7.337973599999999
2790,18.286896
2791,35.7685
2792,43.3812
2793,37.32843
2794,42.24066
2795,49.0518
2796,47.1685
2797,15.814795000000002
2798,21.350217999999998
2799,21.610348000000002
2800,19.27788
2801,17.739658
2802,18.217423999999998
2803,16.017153
2804,20.639694
2805,35.001358
2806,48.407016999999996
2807,49.106770000000004
2808,48.245705
2809,25.260507999999998
2810,15.099037
2811,21.027855
2812,17.447275
2813,14.110622
2814,18.982965
2815,43.65828
2816,38.54779
2817,47.747486
2818,22.21624
2819,22.495810000000002
2820,20.585972
2821,20.012976000000002
2822,32.766563
2823,40.298396999999994
2824,37.135174
2825,43.70389
2826,46.28702
2827,46.84253
2828,46.77176
2829,40.887318
2830,34.846657
2831,35.86296
2832,36.72502
2833,37.057945000000004
2834,34.08712
2835,32.207237
2836,36.299088
2837,47.678703000000006
2838,46.5523
2839,14.628766
2840,20.619663
2841,20.407902
2842,17.135975
2843,17.710548
2844,20.020714
2845,13.571279999999998
2846,38.845271999999994
2847,41.791340000000005
2848,48.453377
2849,47.912376
2850,48.439907
2851,48.2577
2852,47.84748
2853,45.77388
2854,15.927747
2855,17.743004
2856,44.47933
2857,38.320366
2858,40.11206
2859,48.66722
2860,23.36174
2861,13.570151000000001
2862,15.725392000000001
2863,21.680533999999998
2864,17.323301
2865,9.0454855
2866,20.151526999999998
2867,36.673145
2868,43.390858
2869,37.611134
2870,23.155085
2871,20.45947
2872,21.789268
2873,19.658237
2874,14.023682999999998
2875,38.746193
2876,47.677444
2877,48.603577
2878,47.643692
2879,48.073868
2880,25.270462
2881,16.750004
2882,19.521366
2883,19.84546
2884,19.185963
2885,15.357926
2886,11.007757000000002
2887,45.722023
2888,38.63323
2889,47.001526
2890,46.549038
2891,45.47983
2892,40.80237
2893,24.522845999999998
2894,21.67108
2895,19.599636
2896,18.704327
2897,20.389670000000002
2898,29.689453000000004
2899,39.584106
2900,35.20823
2901,47.496056
2902,47.124373999999996
2903,41.398933
2904,40.002666
2905,41.515007000000004
2906,43.125183
2907,41.579516999999996
2908,42.90976
2909,40.103794
2910,38.536640000000006
2911,47.22222
2912,46.871128000000006
2913,26.462497999999997
2914,14.504941
2915,26.676385999999997
2916,23.507738
2917,23.941779999999998
2918,40.95662
2919,44.456577
2920,47.556521999999994
2921,48.043003000000006
2922,47.249990000000004
2923,22.138014000000002
2924,19.40043
2925,20.35361
2926,16.61214
2927,11.850211999999999
2928,10.3393955
2929,39.741997
2930,47.985172
2931,47.964825
2932,13.452414000000001
2933,16.59918
2934,18.911009
2935,18.905904999999997
2936,17.579285000000002
2937,9.277049
2938,45.078903000000004
2939,40.628407
2940,47.623634
2941,47.05506
2942,46.593956
2943,16.475067000000003
2944,22.74888
2945,23.386467
2946,12.223696
2947,21.360407000000002
2948,43.80743
2949,37.30614
2950,41.969425
2951,47.99026
2952,45.775734
2953,25.512179999999997
2954,17.090715
2955,22.108875
2956,18.601732000000002
2957,18.097279999999998
2958,18.598373000000002
2959,20.607925
2960,44.84601
2961,37.169243
2962,47.307007
2963,49.198902000000004
2964,42.213640000000005
2965,27.67598
2966,23.902622
2967,25.074669
2968,25.493536
2969,21.360195
2970,20.133423
2971,26.901382
2972,45.376835
2973,47.777992
2974,47.14312
2975,43.587643
2976,37.789116
2977,36.119553
2978,44.806175
2979,27.123682000000002
2980,22.462637
2981,19.970968
2982,20.512932
2983,15.436223000000002
2984,11.204906
2985,45.90048
2986,47.97576
2987,47.889942
2988,47.742176
2989,45.62599
2990,13.595770000000002
2991,16.626007
2992,24.27727
2993,23.830887
2994,18.878387
2995,12.260705999999999
2996,21.45638
2997,45.23305
2998,44.650065999999995
2999,48.957794
3000,47.872334
3001,47.25915
3002,25.442657
3003,18.617698999999998
3004,16.503239
3005,7.85315
3006,39.26182
3007,43.372124
3008,46.766224
3009,44.94037
3010,17.926937
3011,18.0137
3012,20.903696
3013,38.11335
3014,43.48867
3015,36.010788
3016,48.27516
3017,24.500168
3018,22.087355
3019,17.95727
3020,15.012893
3021,9.483715
3022,19.082520000000002
3023,33.289753000000005
3024,45.138453999999996
3025,39.471115000000005
3026,17.462042
3027,16.651175
3028,17.750917
3029,17.92523
3030,18.624717999999998
3031,36.22419
3032,44.79222
3033,47.354515
3034,47.12802
3035,47.543224
3036,43.56002
3037,40.177963
3038,38.734188
3039,40.19077
3040,40.058258
3041,39.333935
3042,35.084545
3043,43.072520000000004
3044,42.053093
3045,44.188297
3046,47.484592
3047,47.80846
3048,44.802853000000006
3049,14.070770999999999
3050,24.163267
3051,19.684867999999998
3052,20.156612
3053,17.278294
3054,17.478506
3055,13.284502999999999
3056,46.57808
3057,47.928276000000004
3058,48.736366
3059,47.743668
3060,48.239407
3061,16.079235
3062,22.158453
3063,18.188759
3064,16.647314
3065,18.561508
3066,16.462315
3067,10.870413000000001
3068,45.72031
3069,39.234287
3070,48.581379999999996
3071,47.87792
3072,47.20348
3073,46.753727000000005
3074,24.279633999999998
3075,21.418764000000003
3076,21.252108
3077,17.42774
3078,17.84106
3079,17.148083
3080,7.994412400000001
3081,35.585735
3082,43.128098
3083,42.77142
3084,48.966396
3085,47.96164
3086,47.849346000000004
3087,23.687510999999997
3088,16.137936
3089,21.131012
3090,20.648016000000002
3091,15.807274
3092,16.91873
3093,12.763332
3094,38.40661
3095,35.84047
3096,49.186813
3097,47.65197
3098,25.294968
3099,18.73951
3100,19.297411
3101,17.005318
3102,17.706211
3103,17.148054000000002
3104,9.974236999999999
3105,38.964424
3106,38.435555
3107,47.587627000000005
3108,47.908314000000004
3109,47.063990000000004
3110,21.615412
3111,21.437351
3112,18.343011999999998
3113,17.552275
3114,32.313697999999995
3115,37.167603
3116,46.958687
3117,46.931194
3118,43.221714
3119,42.003757
3120,38.642590000000006
3121,38.420845
3122,37.667088
3123,38.403957
3124,37.55125
3125,33.29214
3126,38.253853
3127,35.585968
3128,43.885765
3129,46.998142
3130,47.474334999999996
3131,47.11111
3132,45.670433
3133,23.7832
3134,15.835463
3135,19.028008
3136,21.296523999999998
3137,20.82901
3138,18.348906
3139,10.225714
3140,47.91447
3141,21.303959
3142,18.345146
3143,16.946629
3144,12.351264
3145,9.443247
3146,46.745914
3147,47.716488
3148,45.695137
3149,43.0466
3150,12.773246
3151,10.736908
3152,35.218483
3153,44.704628
3154,48.560584999999996
3155,47.561882000000004
3156,14.909042999999999
3157,19.43991
3158,18.269835999999998
3159,18.040879999999998
3160,14.587669
3161,48.573879999999996
3162,45.861286
3163,26.944784000000002
3164,15.308557500000001
3165,17.902273
3166,17.324553
3167,18.233793
3168,17.681997
3169,9.493276
3170,18.87717
3171,36.76931
3172,48.709717
3173,49.180374
3174,49.00183
3175,25.425810000000002
3176,21.914
3177,20.65298
3178,19.128275
3179,17.419052
3180,18.78555
3181,18.525434
3182,17.832973000000003
3183,41.642920000000004
3184,33.861397
3185,34.504963000000004
3186,44.946995
3187,47.4841
3188,47.373740000000005
3189,46.909508
3190,45.897853999999995
3191,41.964344
3192,38.22668
3193,41.619890000000005
3194,41.964817
3195,38.0406
3196,43.994434000000005
3197,47.801113
3198,48.264559999999996
3199,47.245014000000005
3200,48.10191
3201,45.467808000000005
3202,26.550696999999996
3203,15.317576999999998
3204,19.49158
3205,14.566391000000001
3206,11.04107
3207,37.82589
3208,44.375847
3209,39.869354
3210,48.424209999999995
3211,47.29525
3212,48.058712
3213,46.955853000000005
3214,45.031593
3215,14.510688
3216,19.675222
3217,16.507920000000002
3218,38.26826
3219,39.045662
3220,42.902415999999995
3221,48.315870000000004
3222,47.161774
3223,47.63501
3224,22.885172
3225,22.841732
3226,17.994638000000002
3227,11.025917
3228,38.57232
3229,39.191914000000004
3230,42.041374
3231,48.316116
3232,47.315704
3233,47.9022
3234,46.585712
3235,21.44824
3236,18.891115
3237,16.958866
3238,17.616037
3239,10.106456
3240,20.7805
3241,43.42317
3242,47.97036
3243,48.24951
3244,24.459831
3245,14.946222
3246,17.087278
3247,21.912682999999998
3248,21.548285
3249,16.246868
3250,15.486870000000001
3251,16.566029999999998
3252,17.410833
3253,36.64692
3254,32.422385999999996
3255,33.99606
3256,48.53079
3257,48.44121
3258,26.37262
3259,28.438452
3260,17.326939000000003
3261,17.747951999999998
3262,40.275203999999995
3263,37.80386
3264,31.922718
3265,44.774155
3266,47.225815000000004
3267,39.423415999999996
3268,39.324913
3269,39.700676
3270,38.81308
3271,38.16455
3272,43.028009999999995
3273,46.928753
3274,45.800713
3275,16.811907
3276,20.804668
3277,17.936386
3278,11.137427
3279,22.676907999999997
3280,38.299362
3281,47.444427000000005
3282,48.297973999999996
3283,47.121685
3284,26.840892999999998
3285,24.224937
3286,18.79301
3287,18.993654
3288,15.818442999999998
3289,17.298616
3290,12.269478
3291,10.349598
3292,38.112442
3293,44.653304999999996
3294,37.763123
3295,41.049397
3296,47.393063
3297,47.757286
3298,44.54629
3299,24.286482
3300,18.154729999999997
3301,14.865858
3302,49.303672999999996
3303,47.964096000000005
3304,48.630344
3305,48.191982
3306,30.358206
3307,17.439707000000002
3308,19.304785
3309,19.083455999999998
3310,16.265867
3311,10.073294
3312,19.063608
3313,30.93297
3314,48.552864
3315,49.158474
3316,47.533165000000004
3317,45.21407
3318,29.247734
3319,14.972814999999999
3320,17.09321
3321,24.393926999999998
3322,22.307077
3323,15.454548999999998
3324,15.270801
3325,11.731729
3326,8.108702000000001
3327,17.475288
3328,36.51447
3329,41.881157
3330,48.646834999999996
3331,48.080288
3332,23.6669
3333,24.909819
3334,44.95044
3335,47.297657
3336,47.436687
3337,47.123870000000004
3338,43.95167
3339,39.41202
3340,40.578083
3341,38.464863
3342,38.827717
3343,43.090790000000005
3344,31.717457
3345,41.020275
3346,46.152145000000004
3347,46.97845
3348,46.080853000000005
3349,44.270782000000004
3350,25.565294
3351,14.10457
3352,17.450893
3353,15.296837
3354,11.222313
3355,20.664935999999997
3356,38.031563
3357,44.783916
3358,47.81176
3359,48.71696
3360,26.549568
3361,22.790098
3362,22.793219
3363,14.593708
3364,10.596489
3365,20.114918
3366,40.860954
3367,47.99711
3368,45.359203
3369,24.727594
3370,15.8983
3371,39.254154
3372,42.915279999999996
3373,48.022312
3374,48.89784
3375,47.944340000000004
3376,47.1294
3377,24.650927
3378,13.322574
3379,15.674851
3380,17.99312
3381,16.639687
3382,16.883303
3383,15.100785
3384,7.637139299999999
3385,17.105247
3386,32.228970000000004
3387,46.918186
3388,25.878359
3389,22.729886999999998
3390,9.991903
3391,16.745037
3392,28.113106
3393,48.017559999999996
3394,49.39523
3395,48.761665
3396,47.842216
3397,22.893063
3398,22.624247
3399,19.124813
3400,18.975191
3401,20.305746
3402,20.645962
3403,20.508476
3404,31.95089
3405,44.35627
3406,47.676632
3407,47.424442
3408,47.25503
3409,46.038612
3410,46.299409999999995
3411,42.664134999999995
3412,38.881275
3413,39.468555
3414,32.065697
3415,47.4779
3416,47.74658
3417,24.068306
3418,26.172129
3419,22.228268
3420,19.236452
3421,14.201716000000001
3422,15.165821
3423,41.186015999999995
3424,48.784490000000005
3425,49.19996
3426,48.559653999999995
3427,46.2516
3428,30.632662
3429,33.291717999999996
3430,34.119453
3431,25.794353
3432,25.543036999999998
3433,20.628994
3434,17.991467999999998
3435,30.613426
3436,41.93163
3437,48.240593
3438,49.427085999999996
3439,48.190887
3440,47.714394
3441,32.585846000000004
3442,27.030572999999997
3443,25.835060000000002
3444,19.951014
3445,17.82273
3446,32.854603000000004
3447,40.459602000000004
3448,48.66458
3449,47.736137
3450,48.222225
3451,47.522403999999995
3452,45.891815
3453,28.67432
3454,24.232468
3455,19.875946
3456,20.034145000000002
3457,17.936573000000003
3458,11.728071
3459,45.706707
3460,48.887
3461,48.30581
3462,47.851704
3463,47.470707
3464,20.698175
3465,19.7239
3466,20.282429
3467,20.230051
3468,13.250278
3469,35.34265
3470,47.861354999999996
3471,47.593227
3472,34.904675
3473,25.742243
3474,23.203428
3475,23.83279
3476,35.15933
3477,41.890873
3478,32.393715
3479,43.584995
3480,46.20094
3481,46.46733
3482,46.207882
3483,46.083816999999996
3484,45.337654
3485,47.190903000000006
3486,44.310368
3487,45.76162
3488,43.137913
3489,39.737232
3490,32.75087
3491,45.756245
3492,40.772403999999995
3493,47.533653
3494,46.88395
3495,45.459927
3496,28.748848
3497,20.525806
3498,18.077673
3499,11.813153999999999
3500,23.762575
3501,46.273575
3502,38.218759999999996
3503,43.914906
